Position,Const,Created,Modified,Description,Title,URL,Title Type,IMDb Rating,Runtime (mins),Year,Genres,Num Votes,Release Date,Directors
1,tt0088693,2011-03-16,2012-02-10,10/10,Alice in Wonderland,https://www.imdb.com/title/tt0088693/,tvMovie,7.4,187,1985,"Adventure, Family, Fantasy, Musical",2645,1985-12-09,Harry Harris
2,tt1033575,2012-02-10,2012-02-10,10/10,The Descendants,https://www.imdb.com/title/tt1033575/,movie,7.3,115,2011,"Comedy, Drama",223083,2011-09-02,Alexander Payne
3,tt0173052,2012-02-10,2012-02-10,10/10,The Prince and the Surfer,https://www.imdb.com/title/tt0173052/,movie,4.7,89,1999,"Comedy, Family, Fantasy, Romance",211,1999-12-21,"Gregory Gieras, Arye Gross"
4,tt0032138,2011-03-16,2012-02-10,10/10,The Wizard of Oz,https://www.imdb.com/title/tt0032138/,movie,8.0,102,1939,"Adventure, Family, Fantasy, Musical",350591,1939-08-11,"Mervyn LeRoy, King Vidor, Norman Taurog, George Cukor, Richard Thorpe, Victor Fleming"
5,tt0102057,2011-03-16,2012-02-10,10/10,Hook,https://www.imdb.com/title/tt0102057/,movie,6.7,142,1991,"Adventure, Comedy, Family, Fantasy",213092,1991-12-08,Steven Spielberg
6,tt0113497,2011-03-16,2012-02-10,10/10,Jumanji,https://www.imdb.com/title/tt0113497/,movie,7.0,104,1995,"Adventure, Comedy, Family, Fantasy",268030,1995-12-15,Joe Johnston
7,tt0241527,2011-03-16,2012-02-10,10/10,Harry Potter and the Sorcerer's Stone,https://www.imdb.com/title/tt0241527/,movie,7.6,152,2001,"Adventure, Family, Fantasy",567366,2001-11-04,Chris Columbus
8,tt0054176,2011-03-16,2012-02-10,10/10,Peter Pan,https://www.imdb.com/title/tt0054176/,tvMovie,7.6,100,1960,"Comedy, Family, Fantasy, Musical",1819,1960-12-08,Vincent J. Donehue
9,tt0207653,2011-03-16,2012-02-10,10/10,Pinocchio,https://www.imdb.com/title/tt0207653/,tvMovie,6.1,73,1976,"Family, Fantasy, Musical",160,1976-03-27,"Ron Field, Sid Smith"
10,tt0124879,2012-02-10,2012-02-10,10/10,Simon Birch,https://www.imdb.com/title/tt0124879/,movie,6.9,114,1998,"Comedy, Drama, Family",19765,1998-09-11,Mark Steven Johnson
11,tt0451010,2011-03-16,2012-02-10,10/10,Chakushin ari 2,https://www.imdb.com/title/tt0451010/,movie,5.4,105,2005,"Horror, Mystery",2777,2005-02-05,Renpei Tsukamoto
12,tt0098090,2011-03-16,2012-02-10,10/10,The Phantom of the Opera,https://www.imdb.com/title/tt0098090/,movie,5.5,93,1989,"Drama, Horror, Music, Romance",3398,1989-11-03,Dwight H. Little
13,tt0038650,2011-03-16,2012-02-10,10/10,It's a Wonderful Life,https://www.imdb.com/title/tt0038650/,movie,8.6,130,1946,"Drama, Family, Fantasy",354954,1946-12-20,Frank Capra
14,tt0366292,2011-03-16,2012-02-10,10/10,Chakushin ari,https://www.imdb.com/title/tt0366292/,movie,6.2,112,2003,"Horror, Mystery",15752,2003-11-03,Takashi Miike
15,tt0218553,2011-03-16,2012-02-10,10/10,Ringu 2,https://www.imdb.com/title/tt0218553/,movie,6.0,95,1999,"Horror, Mystery, Sci-Fi",11508,1999-01-23,Hideo Nakata
16,tt0067992,2011-03-16,2012-02-10,10/10,Willy Wonka & the Chocolate Factory,https://www.imdb.com/title/tt0067992/,movie,7.8,100,1971,"Family, Fantasy, Musical",160218,1971-06-28,Mel Stuart
17,tt0235712,2011-03-16,2012-02-10,10/10,Ringu 0: Bâsudei,https://www.imdb.com/title/tt0235712/,movie,6.1,99,2000,"Horror, Thriller",7662,2000-01-22,Norio Tsuruta
18,tt0086336,2011-03-16,2012-02-10,10/10,Something Wicked This Way Comes,https://www.imdb.com/title/tt0086336/,movie,6.8,95,1983,"Fantasy, Mystery, Thriller",7586,1983-04-29,Jack Clayton
19,tt0316396,2011-03-16,2012-02-10,10/10,Peter Pan,https://www.imdb.com/title/tt0316396/,movie,6.9,113,2003,"Adventure, Family, Fantasy, Romance",61339,2003-12-09,P.J. Hogan
20,tt0068190,2011-03-16,2012-02-10,10/10,Alice's Adventures in Wonderland,https://www.imdb.com/title/tt0068190/,movie,5.8,101,1972,"Adventure, Family, Fantasy, Musical",1395,1972-11-20,William Sterling
21,tt0093300,2011-03-16,2012-02-10,10/10,Jaws: The Revenge,https://www.imdb.com/title/tt0093300/,movie,2.9,89,1987,"Adventure, Horror, Thriller",37048,1987-07-17,Joseph Sargent
22,tt0103776,2011-03-16,2012-02-10,10/10,Batman Returns,https://www.imdb.com/title/tt0103776/,movie,7.0,126,1992,"Action, Crime, Fantasy",251910,1992-06-16,Tim Burton
23,tt0057401,2011-03-16,2012-02-10,10/10,Paranoiac,https://www.imdb.com/title/tt0057401/,movie,6.9,80,1963,"Drama, Horror, Mystery, Thriller",2121,1963-05-01,Freddie Francis
24,tt0098912,2011-03-16,2012-02-10,10/10,The Silver Chair,https://www.imdb.com/title/tt0098912/,tvSeries,7.2,30,1990,"Fantasy, Family, Adventure",1694,1990-11-18,
25,tt0062803,2011-03-16,2012-02-10,10/10,Chitty Chitty Bang Bang,https://www.imdb.com/title/tt0062803/,movie,6.9,144,1968,"Adventure, Family, Fantasy, Musical",37410,1968-12-12,Ken Hughes
26,tt0396752,2011-03-16,2012-02-10,10/10,Nanny McPhee,https://www.imdb.com/title/tt0396752/,movie,6.6,97,2005,"Comedy, Family, Fantasy",61371,2005-10-21,Kirk Jones
27,tt0014142,2011-03-16,2012-02-10,10/10,The Hunchback of Notre Dame,https://www.imdb.com/title/tt0014142/,movie,7.3,133,1923,"Drama, Horror, Romance",4272,1923-09-02,Wallace Worsley
28,tt0360717,2011-03-16,2012-02-10,10/10,King Kong,https://www.imdb.com/title/tt0360717/,movie,7.2,187,2005,"Action, Adventure, Drama, Romance",365193,2005-12-05,Peter Jackson
29,tt0056347,2011-03-16,2012-02-10,10/10,The Phantom of the Opera,https://www.imdb.com/title/tt0056347/,movie,6.4,90,1962,"Drama, Horror, Music, Mystery, Thriller",2497,1962-06-25,Terence Fisher
30,tt0022913,2011-03-16,2012-02-10,10/10,Freaks,https://www.imdb.com/title/tt0022913/,movie,7.9,64,1932,"Drama, Horror",38092,1932-02-12,Tod Browning
31,tt0060088,2011-03-16,2012-02-10,10/10,Alice Through the Looking Glass,https://www.imdb.com/title/tt0060088/,tvMovie,6.5,72,1966,"Family, Fantasy, Musical",138,1966-11-06,Alan Handley
32,tt0049366,2011-03-16,2012-02-10,10/10,Invasion of the Body Snatchers,https://www.imdb.com/title/tt0049366/,movie,7.8,80,1956,"Drama, Horror, Sci-Fi",40489,1956-02-05,Don Siegel
33,tt0330373,2011-03-16,2012-02-10,10/10,Harry Potter and the Goblet of Fire,https://www.imdb.com/title/tt0330373/,movie,7.7,157,2005,"Adventure, Family, Fantasy, Mystery",486281,2005-11-06,Mike Newell
34,tt0087262,2011-03-16,2012-02-10,10/10,Firestarter,https://www.imdb.com/title/tt0087262/,movie,6.0,114,1984,"Action, Horror, Sci-Fi, Thriller",26841,1984-05-11,Mark L. Lester
35,tt0192255,2011-03-16,2012-02-10,10/10,The Little Vampire,https://www.imdb.com/title/tt0192255/,movie,5.8,95,2000,"Adventure, Comedy, Family, Fantasy",8776,2000-08-18,Uli Edel
36,tt0467421,2011-03-16,2012-02-10,10/10,Twitches,https://www.imdb.com/title/tt0467421/,tvMovie,5.8,86,2005,"Comedy, Drama, Family, Fantasy",6170,2005-10-14,Stuart Gillard
37,tt1017465,2011-03-16,2012-02-10,10/10,Twitches Too,https://www.imdb.com/title/tt1017465/,tvMovie,5.8,83,2007,"Drama, Family, Fantasy",3664,2007-10-12,Stuart Gillard
38,tt0468569,2011-03-16,2012-02-10,10/10,The Dark Knight,https://www.imdb.com/title/tt0468569/,movie,9.0,152,2008,"Action, Crime, Drama, Thriller",2052062,2008-07-14,Christopher Nolan
39,tt0363771,2011-03-16,2012-02-10,10/10,"The Chronicles of Narnia: The Lion, the Witch and the Wardrobe",https://www.imdb.com/title/tt0363771/,movie,6.9,143,2005,"Adventure, Family, Fantasy",338599,2005-12-07,Andrew Adamson
40,tt0398808,2011-03-16,2012-02-10,10/10,Bridge to Terabithia,https://www.imdb.com/title/tt0398808/,movie,7.2,96,2007,"Adventure, Drama, Family, Fantasy",131074,2007-02-15,Gabor Csupo
41,tt0382628,2011-03-16,2012-02-10,10/10,Dark Water,https://www.imdb.com/title/tt0382628/,movie,5.6,105,2005,"Drama, Horror, Mystery",56781,2005-06-27,Walter Salles
42,tt0100157,2011-03-16,2012-02-10,10/10,Misery,https://www.imdb.com/title/tt0100157/,movie,7.8,107,1990,"Drama, Thriller",163538,1990-11-29,Rob Reiner
43,tt0372784,2011-03-16,2012-02-10,10/10,Batman Begins,https://www.imdb.com/title/tt0372784/,movie,8.2,140,2005,"Action, Adventure",1186801,2005-05-31,Christopher Nolan
44,tt0073747,2011-03-16,2012-02-10,10/10,The Stepford Wives,https://www.imdb.com/title/tt0073747/,movie,6.9,115,1975,"Horror, Mystery, Sci-Fi, Thriller",14602,1975-02-12,Bryan Forbes
45,tt0073486,2011-03-16,2012-02-10,10/10,One Flew Over the Cuckoo's Nest,https://www.imdb.com/title/tt0073486/,movie,8.7,133,1975,Drama,826494,1975-11-19,Milos Forman
46,tt0760177,2011-03-16,2012-02-10,10/10,The Mermaid Chair,https://www.imdb.com/title/tt0760177/,tvMovie,5.4,89,2006,"Drama, Romance",486,2006-09-09,Steven Schachter
47,tt0285531,2011-03-16,2012-02-10,10/10,Dreamcatcher,https://www.imdb.com/title/tt0285531/,movie,5.5,136,2003,"Drama, Horror, Sci-Fi, Thriller",84519,2003-03-06,Lawrence Kasdan
48,tt0099810,2011-03-16,2012-02-10,10/10,The Hunt for Red October,https://www.imdb.com/title/tt0099810/,movie,7.6,135,1990,"Action, Adventure, Thriller",164000,1990-03-02,John McTiernan
49,tt0096895,2011-03-16,2012-02-10,10/10,Batman,https://www.imdb.com/title/tt0096895/,movie,7.6,126,1989,"Action, Adventure",311642,1989-06-19,Tim Burton
50,tt0499448,2011-03-16,2012-02-10,10/10,The Chronicles of Narnia: Prince Caspian,https://www.imdb.com/title/tt0499448/,movie,6.5,150,2008,"Action, Adventure, Family, Fantasy",178507,2008-05-09,Andrew Adamson
51,tt0358273,2011-03-16,2012-02-10,10/10,Walk the Line,https://www.imdb.com/title/tt0358273/,movie,7.9,136,2005,"Biography, Drama, Music, Romance",212097,2005-09-04,James Mangold
52,tt0363988,2011-03-16,2012-02-10,10/10,Secret Window,https://www.imdb.com/title/tt0363988/,movie,6.6,96,2004,"Drama, Mystery, Thriller",169426,2004-03-07,David Koepp
53,tt0342508,2011-03-16,2012-02-10,10/10,Hangman's Curse,https://www.imdb.com/title/tt0342508/,movie,5.0,106,2003,"Horror, Mystery, Thriller",2362,2003-09-12,Rafal Zielinski
54,tt0102945,2011-03-16,2012-02-10,10/10,Sleeping with the Enemy,https://www.imdb.com/title/tt0102945/,movie,6.2,99,1991,"Drama, Thriller",45160,1991-02-04,Joseph Ruben
55,tt0114114,2011-03-16,2012-02-10,10/10,Perfect Alibi,https://www.imdb.com/title/tt0114114/,movie,5.4,98,1995,"Crime, Drama, Mystery, Romance, Thriller",228,1995-09-05,Kevin Meyer
56,tt0783233,2011-03-16,2012-02-10,10/10,Atonement,https://www.imdb.com/title/tt0783233/,movie,7.8,123,2007,"Drama, Mystery, Romance, War",227535,2007-08-28,Joe Wright
57,tt0111939,2011-03-16,2012-02-10,10/10,Degree of Guilt,https://www.imdb.com/title/tt0111939/,tvMovie,6.3,180,1995,"Drama, Mystery",154,1995-10-29,Mike Robe
58,tt0096071,2011-03-16,2012-02-10,10/10,The Serpent and the Rainbow,https://www.imdb.com/title/tt0096071/,movie,6.5,98,1988,"Fantasy, Horror",20215,1988-02-05,Wes Craven
59,tt0319061,2011-03-16,2012-02-10,10/10,Big Fish,https://www.imdb.com/title/tt0319061/,movie,8.0,125,2003,"Adventure, Drama, Fantasy, Romance",388957,2003-12-04,Tim Burton
60,tt1146321,2011-03-16,2012-02-10,10/10,The Note,https://www.imdb.com/title/tt1146321/,tvMovie,6.9,88,2007,Family,651,2007-12-08,Douglas Barr
61,tt0477348,2011-03-16,2012-02-10,10/10,No Country for Old Men,https://www.imdb.com/title/tt0477348/,movie,8.1,122,2007,"Crime, Drama, Thriller",762842,2007-05-19,"Ethan Coen, Joel Coen"
62,tt1201607,2012-02-10,2012-02-10,10/10,Harry Potter and the Deathly Hallows: Part 2,https://www.imdb.com/title/tt1201607/,movie,8.1,130,2011,"Adventure, Drama, Fantasy, Mystery",687628,2011-07-07,David Yates
63,tt0289424,2011-03-16,2012-02-10,10/10,Ring,https://www.imdb.com/title/tt0289424/,movie,6.3,108,1999,Horror,1986,1999-06-12,Dong-bin Kim
64,tt0134928,2011-03-16,2012-02-10,10/10,Rasen,https://www.imdb.com/title/tt0134928/,movie,5.3,97,1998,"Drama, Fantasy, Horror, Mystery, Thriller",2536,1998-01-31,Jôji Iida
65,tt0143296,2011-03-16,2012-02-10,10/10,I've Been Waiting for You,https://www.imdb.com/title/tt0143296/,tvMovie,5.4,90,1998,"Horror, Thriller",1199,1998-03-22,Christopher Leitch
66,tt0119790,2011-03-16,2012-02-10,10/10,NightScream,https://www.imdb.com/title/tt0119790/,tvMovie,5.0,87,1997,"Drama, Mystery, Thriller",382,1997-04-14,Noel Nosseck
67,tt0101687,2011-03-16,2012-02-10,10/10,Deadly Medicine,https://www.imdb.com/title/tt0101687/,tvMovie,5.7,120,1991,"Drama, Thriller",77,1991-11-11,Richard A. Colla
68,tt0078767,2011-03-16,2012-02-10,10/10,The Amityville Horror,https://www.imdb.com/title/tt0078767/,movie,6.2,117,1979,Horror,32236,1979-07-27,Stuart Rosenberg
69,tt0068473,2011-03-16,2012-02-10,10/10,Deliverance,https://www.imdb.com/title/tt0068473/,movie,7.7,109,1972,"Adventure, Drama, Thriller",90800,1972-07-30,John Boorman
70,tt0083536,2011-03-16,2012-02-10,9/10,Great Performances: Alice in Wonderland,https://www.imdb.com/title/tt0083536/,tvEpisode,6.9,90,1983,Music,115,1983-10-03,Kirk Browning
71,tt0283426,2011-03-16,2012-02-10,9/10,The Jungle Book 2,https://www.imdb.com/title/tt0283426/,movie,5.4,72,2003,"Animation, Adventure, Family, Musical",13644,2003-02-05,Steve Trenbirth
72,tt0179148,2011-03-16,2012-02-10,9/10,The Devil's Arithmetic,https://www.imdb.com/title/tt0179148/,tvMovie,6.5,95,1999,"Drama, Fantasy, War",3460,1999-03-28,Donna Deitch
73,tt0110148,2011-03-16,2012-02-10,9/10,Interview with the Vampire: The Vampire Chronicles,https://www.imdb.com/title/tt0110148/,movie,7.6,123,1994,"Drama, Horror",273202,1994-11-09,Neil Jordan
74,tt0339291,2011-03-16,2012-02-10,9/10,A Series of Unfortunate Events,https://www.imdb.com/title/tt0339291/,movie,6.8,108,2004,"Adventure, Comedy, Family, Fantasy",184370,2004-12-16,Brad Silberling
75,tt0308379,2011-03-16,2012-02-10,9/10,Honogurai mizu no soko kara,https://www.imdb.com/title/tt0308379/,movie,6.7,101,2002,"Drama, Horror, Mystery, Thriller",27710,2002-01-19,Hideo Nakata
76,tt0406375,2011-03-16,2012-02-10,9/10,Zathura: A Space Adventure,https://www.imdb.com/title/tt0406375/,movie,6.2,101,2005,"Action, Adventure, Comedy, Family, Fantasy, Sci-Fi",83586,2005-11-06,Jon Favreau
77,tt0469494,2011-03-16,2012-02-10,9/10,There Will Be Blood,https://www.imdb.com/title/tt0469494/,movie,8.2,158,2007,Drama,461141,2007-09-27,Paul Thomas Anderson
78,tt0373889,2011-03-16,2012-02-10,9/10,Harry Potter and the Order of the Phoenix,https://www.imdb.com/title/tt0373889/,movie,7.5,138,2007,"Adventure, Family, Fantasy, Mystery",451215,2007-06-28,David Yates
79,tt0348150,2011-03-16,2012-02-10,9/10,Superman Returns,https://www.imdb.com/title/tt0348150/,movie,6.1,154,2006,"Action, Adventure, Sci-Fi",259968,2006-06-21,Bryan Singer
80,tt0413267,2011-03-16,2012-02-10,9/10,Shrek the Third,https://www.imdb.com/title/tt0413267/,movie,6.1,93,2007,"Animation, Adventure, Comedy, Family, Fantasy",254045,2007-05-06,"Chris Miller, Raman Hui"
81,tt0047209,2011-03-16,2012-02-10,9/10,Man in the Attic,https://www.imdb.com/title/tt0047209/,movie,6.2,82,1953,"Mystery, Thriller",1158,1953-12-31,Hugo Fregonese
82,tt0978797,2012-02-10,2012-02-10,9/10,Chakushin ari final,https://www.imdb.com/title/tt0978797/,movie,5.1,109,2006,Horror,1576,2006-06-22,Manabu Asô
83,tt0096681,2011-03-16,2012-02-10,9/10,Prince Caspian and the Voyage of the Dawn Treader,https://www.imdb.com/title/tt0096681/,tvSeries,7.1,30,1989,"Family, Fantasy, Adventure",1980,1989-11-19,
84,tt0475302,2011-03-16,2012-02-10,9/10,The Hunt for the BTK Killer,https://www.imdb.com/title/tt0475302/,tvMovie,5.8,82,2005,"Biography, Crime, Drama, Horror, Thriller",1223,2005-10-09,Stephen Kay
85,tt0892791,2011-03-16,2012-02-10,9/10,Shrek Forever After,https://www.imdb.com/title/tt0892791/,movie,6.3,93,2010,"Animation, Adventure, Comedy, Family, Fantasy, Romance",166454,2010-04-21,Mike Mitchell
86,tt0298148,2011-03-16,2012-02-10,9/10,Shrek 2,https://www.imdb.com/title/tt0298148/,movie,7.2,93,2004,"Animation, Adventure, Comedy, Family, Fantasy, Romance",379682,2004-05-08,"Conrad Vernon, Kelly Asbury, Andrew Adamson"
87,tt0072431,2011-03-16,2012-02-10,9/10,Young Frankenstein,https://www.imdb.com/title/tt0072431/,movie,8.0,106,1974,Comedy,132763,1974-12-15,Mel Brooks
88,tt0242405,2011-03-16,2012-02-10,9/10,Deadly Appearances,https://www.imdb.com/title/tt0242405/,tvMovie,6.1,,2000,"Crime, Drama, Mystery",94,2000-04-23,George Bloomfield
89,tt0377109,2011-03-16,2012-02-10,9/10,The Ring Two,https://www.imdb.com/title/tt0377109/,movie,5.4,110,2005,"Horror, Mystery",85351,2005-03-17,Hideo Nakata
90,tt1259571,2011-03-16,2012-02-10,9/10,The Twilight Saga: New Moon,https://www.imdb.com/title/tt1259571/,movie,4.7,130,2009,"Adventure, Drama, Fantasy, Romance",247752,2009-11-16,Chris Weitz
91,tt0410377,2011-03-16,2012-02-10,9/10,Nim's Island,https://www.imdb.com/title/tt0410377/,movie,6.0,96,2008,"Adventure, Family, Fantasy",31426,2008-03-30,"Mark Levin, Jennifer Flackett"
92,tt0178868,2011-03-16,2012-02-10,9/10,Ringu,https://www.imdb.com/title/tt0178868/,movie,7.3,96,1998,"Horror, Mystery",58253,1998-01-31,Hideo Nakata
93,tt0413895,2011-03-16,2012-02-10,9/10,Charlotte's Web,https://www.imdb.com/title/tt0413895/,movie,6.3,97,2006,"Comedy, Family, Fantasy",33447,2006-12-07,Gary Winick
94,tt0098084,2011-03-16,2012-02-10,9/10,Pet Sematary,https://www.imdb.com/title/tt0098084/,movie,6.6,103,1989,"Horror, Thriller",82929,1989-04-21,Mary Lambert
95,tt0070917,2011-03-16,2012-02-10,9/10,The Wicker Man,https://www.imdb.com/title/tt0070917/,movie,7.6,88,1973,"Horror, Mystery, Thriller",58534,1973-12-06,Robin Hardy
96,tt0058331,2011-03-16,2012-02-10,9/10,Mary Poppins,https://www.imdb.com/title/tt0058331/,movie,7.8,139,1964,"Comedy, Family, Fantasy, Musical",141723,1964-08-27,Robert Stevenson
97,tt0417741,2011-03-16,2012-02-10,9/10,Harry Potter and the Half-Blood Prince,https://www.imdb.com/title/tt0417741/,movie,7.6,153,2009,"Adventure, Family, Fantasy, Mystery",416003,2009-07-06,David Yates
98,tt0422720,2011-03-16,2011-03-16,,Marie Antoinette,https://www.imdb.com/title/tt0422720/,movie,6.4,123,2006,"Biography, Drama, History, Romance",92647,2006-05-24,Sofia Coppola
99,tt0056687,2011-03-16,2012-02-10,8 or 9/10,What Ever Happened to Baby Jane?,https://www.imdb.com/title/tt0056687/,movie,8.1,134,1962,"Drama, Horror, Thriller",44915,1962-10-31,Robert Aldrich
100,tt1075417,2011-03-16,2012-02-10,8 or 9/10,Race to Witch Mountain,https://www.imdb.com/title/tt1075417/,movie,5.7,98,2009,"Action, Adventure, Family, Fantasy, Sci-Fi, Thriller",50896,2009-03-11,Andy Fickman
101,tt0114654,2011-03-16,2012-02-10,8 or 9/10,Terror in the Shadows,https://www.imdb.com/title/tt0114654/,tvMovie,5.2,87,1995,"Drama, Thriller",159,1995-10-16,William A. Graham
102,tt0048424,2011-03-16,2012-02-10,8 or 9/10,The Night of the Hunter,https://www.imdb.com/title/tt0048424/,movie,8.0,92,1955,"Crime, Drama, Film-Noir, Thriller",74915,1955-07-26,Charles Laughton
103,tt0337634,2011-03-16,2012-02-10,8 or 9/10,He Sees You When You're Sleeping,https://www.imdb.com/title/tt0337634/,tvMovie,5.7,100,2002,"Comedy, Crime, Drama, Fantasy, Mystery",249,2002-12-22,David Winning
104,tt0497353,2011-03-16,2012-02-10,8 or 9/10,Fatal Desire,https://www.imdb.com/title/tt0497353/,tvMovie,6.2,113,2006,"Crime, Drama, Mystery, Thriller",582,2006-04-03,Ralph Hemecker
105,tt0448075,2011-03-16,2012-02-10,8 or 9/10,The Night Listener,https://www.imdb.com/title/tt0448075/,movie,5.9,91,2006,"Crime, Mystery, Thriller",14042,2006-01-21,Patrick Stettner
106,tt0199950,2011-03-16,2012-02-10,8 or 9/10,The New Adventures of Pinocchio,https://www.imdb.com/title/tt0199950/,movie,5.4,94,1999,"Adventure, Family, Fantasy",612,1999-11-15,Michael Anderson
107,tt0926084,2011-03-16,2012-02-10,8 or 9/10,Harry Potter and the Deathly Hallows: Part 1,https://www.imdb.com/title/tt0926084/,movie,7.7,146,2010,"Adventure, Fantasy, Mystery",422481,2010-11-11,David Yates
108,tt0385752,2011-03-16,2012-02-10,8 or 9/10,The Golden Compass,https://www.imdb.com/title/tt0385752/,movie,6.1,113,2007,"Adventure, Family, Fantasy",167069,2007-11-27,Chris Weitz
109,tt0096061,2011-03-16,2012-02-10,8 or 9/10,Scrooged,https://www.imdb.com/title/tt0096061/,movie,7.0,101,1988,"Comedy, Drama, Fantasy, Romance",77230,1988-11-17,Richard Donner
110,tt0100361,2011-03-16,2012-02-10,8/10,The Phantom of the Opera,https://www.imdb.com/title/tt0100361/,tvMiniSeries,7.5,168,1990,"Drama, Music, Mystery, Romance, Thriller",1382,1990-02-09,
111,tt0290334,2011-03-16,2012-02-10,8/10,X2,https://www.imdb.com/title/tt0290334/,movie,7.5,134,2003,"Action, Adventure, Sci-Fi, Thriller",478086,2003-04-24,Bryan Singer
112,tt1067106,2011-03-16,2012-02-10,8/10,A Christmas Carol,https://www.imdb.com/title/tt1067106/,movie,6.8,96,2009,"Animation, Drama, Family, Fantasy",91512,2009-11-03,Robert Zemeckis
113,tt0429573,2011-03-16,2012-02-10,8/10,An American Haunting,https://www.imdb.com/title/tt0429573/,movie,5.1,83,2005,"Drama, History, Horror, Mystery, Thriller",23725,2005-11-05,Courtney Solomon
114,tt0085750,2011-03-16,2012-02-10,8/10,Jaws 3-D,https://www.imdb.com/title/tt0085750/,movie,3.6,99,1983,"Adventure, Horror, Thriller",35162,1983-07-22,Joe Alves
115,tt0280030,2011-03-16,2012-02-10,8/10,Return to Never Land,https://www.imdb.com/title/tt0280030/,movie,5.8,72,2002,"Animation, Adventure, Family, Fantasy",16427,2002-01-01,"Robin Budd, Donovan Cook"
116,tt0118971,2011-03-16,2012-02-10,8/10,The Devil's Advocate,https://www.imdb.com/title/tt0118971/,movie,7.5,144,1997,"Drama, Mystery, Thriller",300611,1997-10-13,Taylor Hackford
117,tt0293508,2011-03-16,2012-02-10,8/10,The Phantom of the Opera,https://www.imdb.com/title/tt0293508/,movie,7.3,143,2004,"Drama, Musical, Romance, Thriller",109356,2004-12-09,Joel Schumacher
118,tt0304141,2011-03-16,2012-02-10,8/10,Harry Potter and the Prisoner of Azkaban,https://www.imdb.com/title/tt0304141/,movie,7.9,142,2004,"Adventure, Family, Fantasy, Mystery",487018,2004-05-23,Alfonso Cuarón
119,tt0295297,2011-03-16,2012-02-10,8/10,Harry Potter and the Chamber of Secrets,https://www.imdb.com/title/tt0295297/,movie,7.4,161,2002,"Adventure, Family, Fantasy, Mystery",490526,2002-11-03,Chris Columbus
120,tt0096869,2011-03-16,2012-02-10,8/10,Babar: The Movie,https://www.imdb.com/title/tt0096869/,movie,6.4,70,1989,"Animation, Adventure, Family, Fantasy, Musical",804,1989-07-28,Alan Bunce
121,tt0126029,2011-03-16,2012-02-10,8/10,Shrek,https://www.imdb.com/title/tt0126029/,movie,7.9,90,2001,"Animation, Adventure, Comedy, Family, Fantasy",559365,2001-04-22,"Vicky Jenson, Andrew Adamson"
122,tt0119345,2011-03-16,2012-02-10,8/10,I Know What You Did Last Summer,https://www.imdb.com/title/tt0119345/,movie,5.7,101,1997,"Horror, Mystery",123042,1997-10-17,Jim Gillespie
123,tt0469111,2011-03-16,2012-02-10,8/10,I'll Always Know What You Did Last Summer,https://www.imdb.com/title/tt0469111/,video,3.6,92,2006,"Horror, Mystery, Thriller",9260,2006-06-21,Sylvain White
124,tt0096425,2011-03-16,2012-02-10,8/10,Watchers,https://www.imdb.com/title/tt0096425/,movie,5.4,91,1988,"Action, Horror, Sci-Fi, Thriller",3673,1988-12-02,Jon Hess
125,tt0112715,2011-03-16,2012-02-10,8/10,Congo,https://www.imdb.com/title/tt0112715/,movie,5.1,109,1995,"Action, Adventure, Mystery, Sci-Fi",39131,1995-06-09,Frank Marshall
126,tt0097351,2011-03-16,2012-02-10,8/10,Field of Dreams,https://www.imdb.com/title/tt0097351/,movie,7.5,107,1989,"Drama, Family, Fantasy, Sport",99561,1989-04-21,Phil Alden Robinson
127,tt0170016,2011-03-16,2012-02-10,8/10,How the Grinch Stole Christmas,https://www.imdb.com/title/tt0170016/,movie,6.1,104,2000,"Comedy, Family, Fantasy",182860,2000-11-08,Ron Howard
128,tt0243585,2011-03-16,2012-02-10,8/10,Stuart Little 2,https://www.imdb.com/title/tt0243585/,movie,5.5,77,2002,"Animation, Adventure, Comedy, Family, Fantasy",45291,2002-07-14,Rob Minkoff
129,tt0094500,2011-03-16,2012-02-10,8/10,"The Lion, the Witch, & the Wardrobe",https://www.imdb.com/title/tt0094500/,tvMiniSeries,7.3,171,1988,"Adventure, Drama, Family, Fantasy",5201,1988-11-13,
130,tt0108526,2011-03-16,2012-02-10,8/10,We're Back! A Dinosaur's Story,https://www.imdb.com/title/tt0108526/,movie,6.1,72,1993,"Animation, Adventure, Comedy, Family, Fantasy, Musical",12389,1993-11-24,"Dick Zondag, Phil Nibbelink, Ralph Zondag, Simon Wells"
131,tt0479968,2011-03-16,2012-02-10,8/10,One Missed Call,https://www.imdb.com/title/tt0479968/,movie,4.0,87,2008,"Horror, Mystery",29487,2008-01-04,Eric Valette
132,tt0439578,2011-03-16,2012-02-10,8/10,A Friend of the Family,https://www.imdb.com/title/tt0439578/,tvMovie,6.3,88,2005,"Drama, Mystery, Thriller",225,2005-02-28,Stuart Gillard
133,tt0105414,2011-03-16,2012-02-10,8/10,Single White Female,https://www.imdb.com/title/tt0105414/,movie,6.3,107,1992,"Drama, Thriller",28689,1992-08-14,Barbet Schroeder
134,tt0120302,2011-03-16,2012-02-10,8/10,Tell Me No Secrets,https://www.imdb.com/title/tt0120302/,tvMovie,6.4,100,1997,"Drama, Thriller",135,1997-01-20,Bobby Roth
135,tt0116265,2011-03-16,2012-02-10,8/10,A Face to Die For,https://www.imdb.com/title/tt0116265/,tvMovie,5.9,90,1996,Drama,480,1996-03-11,Jack Bender
136,tt0117110,2011-03-16,2012-02-10,8/10,Muppet Treasure Island,https://www.imdb.com/title/tt0117110/,movie,7.0,99,1996,"Action, Adventure, Comedy, Family, Musical, Romance",19047,1996-02-16,"David Lane, Brian Henson"
137,tt0255873,2011-03-16,2012-02-10,8/10,Peter Pan,https://www.imdb.com/title/tt0255873/,tvSpecial,7.3,105,2000,"Family, Fantasy, Musical",498,2000-10-10,"Glenn Casale, Gary Halvorson"
138,tt0114964,2011-03-16,2012-02-10,8/10,The Wizard of Oz in Concert: Dreams Come True,https://www.imdb.com/title/tt0114964/,tvMovie,7.5,95,1995,"Documentary, Comedy, Family, Fantasy, Music",147,1995-11-22,"Darrell Larson, Louis J. Horvitz"
139,tt0247638,2011-03-16,2012-02-10,8/10,The Princess Diaries,https://www.imdb.com/title/tt0247638/,movie,6.3,111,2001,"Comedy, Family, Romance",115825,2001-07-29,Garry Marshall
140,tt0100477,2011-03-16,2012-02-10,8/10,The Rescuers Down Under,https://www.imdb.com/title/tt0100477/,movie,6.9,77,1990,"Animation, Adventure, Crime, Drama, Family, Fantasy, Mystery",33780,1990-11-16,"Mike Gabriel, Hendel Butoy"
141,tt0332280,2011-03-16,2012-02-10,8/10,The Notebook,https://www.imdb.com/title/tt0332280/,movie,7.9,123,2004,"Drama, Romance",472518,2004-05-20,Nick Cassavetes
142,tt0109446,2011-03-16,2012-02-10,8/10,The Client,https://www.imdb.com/title/tt0109446/,movie,6.7,119,1994,"Crime, Drama, Mystery",54313,1994-07-20,Joel Schumacher
143,tt0115097,2011-03-16,2012-02-10,8/10,Andersonville,https://www.imdb.com/title/tt0115097/,tvMovie,7.5,167,1996,"Drama, History, War",1679,1996-03-03,John Frankenheimer
144,tt0120749,2011-03-16,2012-02-10,8/10,Mercury Rising,https://www.imdb.com/title/tt0120749/,movie,6.1,111,1998,"Action, Crime, Drama, Thriller",62582,1998-04-01,Harold Becker
145,tt0452611,2011-03-16,2012-02-10,8/10,The Dive from Clausen's Pier,https://www.imdb.com/title/tt0452611/,tvMovie,5.6,86,2005,"Drama, Romance",706,2005-07-25,Harry Winer
146,tt0081505,2011-03-16,2012-02-10,8/10,The Shining,https://www.imdb.com/title/tt0081505/,movie,8.4,146,1980,"Drama, Horror",775754,1980-05-23,Stanley Kubrick
147,tt0118945,2011-03-16,2012-02-10,8/10,A Deadly Vision,https://www.imdb.com/title/tt0118945/,tvMovie,5.4,96,1997,"Drama, Mystery, Thriller",198,1997-04-21,Bill Norton
148,tt0316654,2011-03-16,2012-02-10,8/10,Spider-Man 2,https://www.imdb.com/title/tt0316654/,movie,7.3,127,2004,"Action, Adventure, Sci-Fi",496907,2004-06-25,Sam Raimi
149,tt0274584,2011-03-16,2012-02-10,8/10,The Jennie Project,https://www.imdb.com/title/tt0274584/,tvMovie,5.1,76,2001,"Adventure, Drama, Family",214,2001-07-13,Gary Nadeau
150,tt0244870,2011-03-16,2012-02-10,8/10,Uzumaki,https://www.imdb.com/title/tt0244870/,movie,6.2,90,2000,"Drama, Fantasy, Horror",6700,2000-02-11,Higuchinsky
151,tt0054215,2011-03-16,2012-02-10,8/10,Psycho,https://www.imdb.com/title/tt0054215/,movie,8.5,109,1960,"Horror, Mystery, Thriller",534139,1960-06-16,Alfred Hitchcock
152,tt0155975,2011-03-16,2012-02-10,8/10,Psycho,https://www.imdb.com/title/tt0155975/,movie,4.6,105,1998,"Horror, Mystery, Thriller",42788,1998-12-04,Gus Van Sant
153,tt0494238,2011-03-16,2012-02-10,8/10,Inkheart,https://www.imdb.com/title/tt0494238/,movie,6.1,106,2008,"Adventure, Family, Fantasy",68722,2008-12-11,Iain Softley
154,tt0299658,2011-03-16,2012-02-10,8/10,Chicago,https://www.imdb.com/title/tt0299658/,movie,7.2,113,2002,"Comedy, Crime, Musical",200289,2002-12-10,Rob Marshall
155,tt0055824,2011-03-16,2012-02-10,8/10,Cape Fear,https://www.imdb.com/title/tt0055824/,movie,7.8,106,1962,"Drama, Thriller",23774,1962-04-12,J. Lee Thompson
156,tt0101540,2011-03-16,2012-02-10,8/10,Cape Fear,https://www.imdb.com/title/tt0101540/,movie,7.3,128,1991,"Crime, Thriller",153100,1991-10-06,Martin Scorsese
157,tt0128137,2011-03-16,2012-02-10,8/10,The Confession,https://www.imdb.com/title/tt0128137/,movie,6.0,114,1999,"Drama, Thriller",2216,1999-01-22,David Hugh Jones
158,tt0036261,2011-03-16,2012-02-10,7 or 8/10,Phantom of the Opera,https://www.imdb.com/title/tt0036261/,movie,6.5,92,1943,"Drama, Horror, Music, Romance, Thriller",5670,1943-08-12,Arthur Lubin
159,tt0368933,2011-03-16,2012-02-10,7 or 8/10,The Princess Diaries 2: Royal Engagement,https://www.imdb.com/title/tt0368933/,movie,5.8,113,2004,"Comedy, Family, Romance",67320,2004-08-07,Garry Marshall
160,tt0451079,2011-03-16,2012-02-10,7 or 8/10,Horton Hears a Who!,https://www.imdb.com/title/tt0451079/,movie,6.8,86,2008,"Animation, Adventure, Comedy, Family, Fantasy",120837,2008-03-03,"Jimmy Hayward, Steve Martino"
161,tt0107247,2011-03-16,2012-02-10,7 or 8/10,Jack the Bear,https://www.imdb.com/title/tt0107247/,movie,6.5,99,1993,Drama,3666,1993-04-02,Marshall Herskovitz
162,tt0016220,2011-03-16,2012-02-10,7 or 8/10,The Phantom of the Opera,https://www.imdb.com/title/tt0016220/,movie,7.7,93,1925,Horror,14941,1925-04-26,"Rupert Julian, Ernst Laemmle, Lon Chaney, Edward Sedgwick"
163,tt0081573,2011-03-16,2012-02-10,7 or 8/10,Superman II,https://www.imdb.com/title/tt0081573/,movie,6.8,127,1980,"Action, Adventure, Sci-Fi",90431,1980-12-04,"Richard Donner, Richard Lester"
164,tt0434409,2011-03-16,2012-02-10,7 or 8/10,V for Vendetta,https://www.imdb.com/title/tt0434409/,movie,8.2,132,2005,"Action, Drama, Sci-Fi, Thriller",948050,2005-12-11,James McTeigue
165,tt0084100,2011-03-16,2012-02-10,7 or 8/10,The Hunchback of Notre Dame,https://www.imdb.com/title/tt0084100/,tvMovie,6.5,150,1982,"Drama, Horror, Romance",978,1982-02-04,"Michael Tuchner, Alan Hume"
166,tt1014759,2011-03-16,2012-02-10,7 or 8/10,Alice in Wonderland,https://www.imdb.com/title/tt1014759/,movie,6.5,108,2010,"Adventure, Family, Fantasy",357272,2010-02-25,Tim Burton
167,tt0113670,2011-03-16,2012-02-10,7 or 8/10,A Little Princess,https://www.imdb.com/title/tt0113670/,movie,7.7,97,1995,"Drama, Family, Fantasy",29481,1995-05-10,Alfonso Cuarón
168,tt0082449,2011-03-16,2012-02-10,7 or 8/10,Ghost Story,https://www.imdb.com/title/tt0082449/,movie,6.3,110,1981,"Drama, Horror, Thriller",6794,1981-12-15,John Irvin
169,tt0112641,2011-03-16,2012-02-10,7 or 8/10,Casino,https://www.imdb.com/title/tt0112641/,movie,8.2,178,1995,"Crime, Drama",411968,1995-04-03,Martin Scorsese
170,tt0116270,2011-03-16,2012-02-10,7 or 8/10,Fall Into Darkness,https://www.imdb.com/title/tt0116270/,tvMovie,5.9,88,1996,Thriller,449,1996-11-25,Mark Sobel
171,tt0463029,2011-03-16,2012-02-10,7 or 8/10,Haunting Sarah,https://www.imdb.com/title/tt0463029/,tvMovie,5.9,89,2005,"Drama, Mystery, Thriller",481,2005-10-03,Ralph Hemecker
172,tt0420238,2011-03-16,2012-02-10,7 or 8/10,The Tale of Despereaux,https://www.imdb.com/title/tt0420238/,movie,6.1,93,2008,"Animation, Adventure, Comedy, Family, Fantasy",34022,2008-12-17,"Robert Stevenhagen, Sam Fell"
173,tt0123179,2011-03-16,2012-02-10,7 or 8/10,Mister Magoo's Christmas Carol,https://www.imdb.com/title/tt0123179/,tvMovie,7.8,53,1962,"Animation, Comedy, Drama, Family, Fantasy, Musical",2260,1962-12-18,Abe Levitow
174,tt0100240,2011-03-16,2011-03-16,,The NeverEnding Story II: The Next Chapter,https://www.imdb.com/title/tt0100240/,movie,5.1,90,1990,"Adventure, Drama, Family, Fantasy",21865,1990-10-25,George Miller
175,tt0118410,2011-03-16,2012-02-10,7/10,Night Sins,https://www.imdb.com/title/tt0118410/,tvMovie,6.8,240,1997,"Drama, Thriller",221,1997-02-23,Robert Allan Ackerman
176,tt0119461,2011-03-16,2012-02-10,7/10,Killing Mr. Griffin,https://www.imdb.com/title/tt0119461/,tvMovie,5.7,89,1997,"Thriller, Drama",918,1997-04-07,Jack Bender
177,tt0381061,2011-03-16,2012-02-10,7/10,Casino Royale,https://www.imdb.com/title/tt0381061/,movie,8.0,144,2006,"Action, Adventure, Thriller",537615,2006-11-14,Martin Campbell
178,tt1099212,2011-03-16,2012-02-10,6 or 7/10,Twilight,https://www.imdb.com/title/tt1099212/,movie,5.2,122,2008,"Drama, Fantasy, Romance",392798,2008-11-17,Catherine Hardwicke
179,tt0070608,2011-03-16,2012-02-10,6 or 7/10,Robin Hood,https://www.imdb.com/title/tt0070608/,movie,7.6,83,1973,"Animation, Adventure, Comedy, Family, Romance",103132,1973-11-08,Wolfgang Reitherman
180,tt0077889,2011-03-16,2012-02-10,6 or 7/10,Magic,https://www.imdb.com/title/tt0077889/,movie,6.8,107,1978,"Drama, Horror",7987,1978-11-08,Richard Attenborough
181,tt0046183,2011-03-16,2012-02-10,6 or 7/10,Peter Pan,https://www.imdb.com/title/tt0046183/,movie,7.3,77,1953,"Animation, Adventure, Family, Fantasy, Musical",111646,1953-02-05,"Clyde Geronimi, Jack Kinney, Wilfred Jackson, Hamilton Luske"
182,tt0043274,2011-03-16,2012-02-10,6 or 7/10,Alice in Wonderland,https://www.imdb.com/title/tt0043274/,movie,7.4,75,1951,"Animation, Adventure, Family, Fantasy, Musical",115799,1951-07-26,"Hamilton Luske, Clyde Geronimi, Wilfred Jackson"
183,tt0145600,2011-03-16,2012-02-10,6 or 7/10,Brave New World,https://www.imdb.com/title/tt0145600/,tvMovie,5.3,87,1998,"Drama, Sci-Fi",1770,1998-04-19,"Leslie Libman, Larry Williams"
184,tt0294611,2011-03-16,2012-02-10,6 or 7/10,Hans Christian Andersen: My Life as a Fairy Tale,https://www.imdb.com/title/tt0294611/,tvMovie,7.1,174,2003,"Adventure, Drama, Family, Fantasy",475,2003-12-31,Philip Saville
185,tt0120744,2011-03-16,2012-02-10,6/10,The Man in the Iron Mask,https://www.imdb.com/title/tt0120744/,movie,6.5,132,1998,"Action, Adventure, Drama",145664,1998-03-02,Randall Wallace
186,tt0100260,2011-03-16,2012-02-10,6/10,Nightbreed,https://www.imdb.com/title/tt0100260/,movie,6.6,102,1990,"Action, Fantasy, Horror",17457,1990-02-16,Clive Barker
